{
  "P": 1000,
  "N": 1000,
  "M": 63504,
  "dE0_P_ref_mH": 0.41535513093649,
  "e_fci_total": [
    -109.04823164386625,
    -108.75059300974749,
    -108.73420108996552,
    -108.73118607736023,
    -108.7046309104683,
    -108.70420890539026
  ],
  "results": [
    {
      "m": 0,
      "d_basis": 1000,
      "dE0_mH": -3.9105662876686154,
      "ev_total": [
        -109.05214221015392,
        -108.46893752651604,
        -108.3883572509345,
        -108.3881510885727,
        -108.38491214960169,
        -108.35096386924042
      ],
      "ex_dE_mH": [
        281.65548323145015,
        345.84383903102275,
        343.0349887875437,
        319.7187608666035,
        353.2450361498469
      ]
    },
    {
      "m": 1,
      "d_basis": 2000,
      "dE0_mH": -4.08235273923907,
      "ev_total": [
        -109.05231399660548,
        -108.46928661937869,
        -108.38852206266527,
        -108.3883851934626,
        -108.3852580178944,
        -108.35514910221308
      ],
      "ex_dE_mH": [
        281.30639036879046,
        345.6790273002532,
        342.8008838976382,
        319.37289257389875,
        349.05980317718036
      ]
    },
    {
      "m": 2,
      "d_basis": 3000,
      "dE0_mH": -4.0913237414024195,
      "ev_total": [
        -109.05232296760765,
        -108.46938468159715,
        -108.38857668734379,
        -108.38845721757623,
        -108.38536172697539,
        -108.35535006222497
      ],
      "ex_dE_mH": [
        281.2083281503348,
        345.62440262173413,
        342.7288597840068,
        319.26918349291356,
        348.8588431652957
      ]
    },
    {
      "m": 3,
      "d_basis": 4000,
      "dE0_mH": -4.094311955530117,
      "ev_total": [
        -109.05232595582177,
        -108.46944288460124,
        -108.38859365939646,
        -108.38849434948617,
        -108.38544032327754,
        -108.3554570606149
      ],
      "ex_dE_mH": [
        281.1501251462545,
        345.6074305690535,
        342.6917278740689,
        319.1905871907643,
        348.75184477536084
      ]
    }
  ]
}