{
  "P": 100,
  "N": 100,
  "M": 63504,
  "dE0_P_ref_mH": 8.185870873113288,
  "e_fci_total": [
    -109.04823164386625,
    -108.75059300974749,
    -108.73420108996552,
    -108.73118607736023,
    -108.7046309104683,
    -108.70420890539026
  ],
  "results": [
    {
      "m": 0,
      "d_basis": 100,
      "dE0_mH": -11.301721495037498,
      "ev_total": [
        -109.05953336536129,
        -108.44560673990952,
        -108.37571164651985,
        -108.37365182443766,
        -108.373069235947,
        -108.3282809419292
      ],
      "ex_dE_mH": [
        304.9862698379755,
        358.4894434456771,
        357.53425292258,
        331.56167452129637,
        375.92796346106286
      ]
    },
    {
      "m": 1,
      "d_basis": 200,
      "dE0_mH": -13.234790343290115,
      "ev_total": [
        -109.06146643420954,
        -108.4479917227413,
        -108.37772318921876,
        -108.37440836333465,
        -108.37405855220709,
        -108.33415467158852
      ],
      "ex_dE_mH": [
        302.6012870061905,
        356.4779007467713,
        356.7777140255828,
        330.57235826121456,
        370.0542338017456
      ]
    },
    {
      "m": 2,
      "d_basis": 300,
      "dE0_mH": -13.447970346692983,
      "ev_total": [
        -109.06167961421293,
        -108.44802690511551,
        -108.37782228518617,
        -108.37445961111811,
        -108.37408544613828,
        -108.33440774996252
      ],
      "ex_dE_mH": [
        302.5661046319783,
        356.3788047793466,
        356.72646624212587,
        330.5454643300081,
        369.80115542773717
      ]
    },
    {
      "m": 3,
      "d_basis": 400,
      "dE0_mH": -13.529414867022638,
      "ev_total": [
        -109.06176105873327,
        -108.44809326380133,
        -108.37793569917841,
        -108.37449682508841,
        -108.37409853189715,
        -108.33461169261548
      ],
      "ex_dE_mH": [
        302.49974594616447,
        356.26539078712227,
        356.6892522718206,
        330.53237857115647,
        369.5972127747851
      ]
    }
  ]
}