{
  "P": 50,
  "N": 50,
  "M": 63504,
  "dE0_P_ref_mH": 11.68214337774387,
  "e_dmrg_total": [
    -109.04823164347061,
    -108.68275758065224,
    -108.68056092014307,
    -108.66234121625168,
    -108.65273273543941,
    -108.65185039689183
  ],
  "results": [
    {
      "m": 0,
      "d_basis": 50,
      "dE0_mH": -63.70109481690989,
      "ev_total": [
        -109.11193273828752,
        -108.46433034948197,
        -108.38550618302565,
        -108.36876104401274,
        -108.31902734457034,
        -108.2912297617251
      ],
      "ex_dE_mH": [
        218.42723117025997,
        295.05473711741814,
        293.58017223893637,
        333.70539086906706,
        360.6206351667325
      ]
    },
    {
      "m": 1,
      "d_basis": 100,
      "dE0_mH": 25.585897260956614,
      "ev_total": [
        -109.02264574620966,
        -108.44698244571606,
        -108.36959040507115,
        -108.36760867893645,
        -108.32238760758511,
        -108.29561809423791
      ],
      "ex_dE_mH": [
        235.77513493617275,
        310.9705150719151,
        294.73253731523386,
        330.3451278542973,
        356.2323026539183
      ]
    },
    {
      "m": 2,
      "d_basis": 150,
      "dE0_mH": 25.178882985684936,
      "ev_total": [
        -109.02305276048493,
        -108.44717766580152,
        -108.36959384052903,
        -108.36801478967396,
        -108.3224743836337,
        -108.29577058085496
      ],
      "ex_dE_mH": [
        235.5799148507174,
        310.9670796140342,
        294.3264265777046,
        330.2583518057176,
        356.07981603686767
      ]
    },
    {
      "m": 3,
      "d_basis": 200,
      "dE0_mH": 25.143807105116878,
      "ev_total": [
        -109.0230878363655,
        -108.44728676712396,
        -108.36961254607017,
        -108.36807833974989,
        -108.32255769713059,
        -108.2958505173997
      ],
      "ex_dE_mH": [
        235.47081352827348,
        310.94837407289685,
        294.26287650178654,
        330.17503830882686,
        355.9998794921313
      ]
    }
  ]
}