{
  "P": 800,
  "N": 800,
  "M": 63504,
  "dE0_P_ref_mH": 1.118432257797508,
  "e_fci_total": [
    -109.04823164386625,
    -108.75059300974749,
    -108.73420108996552,
    -108.73118607736023,
    -108.7046309104683,
    -108.70420890539026
  ],
  "results": [
    {
      "m": 0,
      "d_basis": 800,
      "dE0_mH": -3.692350036494929,
      "ev_total": [
        -109.05192399390273,
        -108.46473962034102,
        -108.38815182785576,
        -108.3858014968402,
        -108.38128656630309,
        -108.36139154471883
      ],
      "ex_dE_mH": [
        285.8533894064763,
        346.04926210976214,
        345.38458052002954,
        323.3443441652071,
        342.8173606714289
      ]
    },
    {
      "m": 1,
      "d_basis": 1600,
      "dE0_mH": -3.880726255889755,
      "ev_total": [
        -109.05211237012213,
        -108.46515441242872,
        -108.38841765538035,
        -108.38599422118425,
        -108.38160157357926,
        -108.36284773804934
      ],
      "ex_dE_mH": [
        285.4385973187732,
        345.7834345851687,
        345.1918561759868,
        323.0293368890393,
        341.3611673409242
      ]
    },
    {
      "m": 2,
      "d_basis": 2400,
      "dE0_mH": -3.890847807635822,
      "ev_total": [
        -109.05212249167388,
        -108.4652621978606,
        -108.38850113429434,
        -108.38604060836126,
        -108.381705631357,
        -108.36321105910574
      ],
      "ex_dE_mH": [
        285.3308118869009,
        345.69995567117576,
        345.1454689989753,
        322.92527911130975,
        340.9978462845302
      ]
    },
    {
      "m": 3,
      "d_basis": 3200,
      "dE0_mH": -3.89565900042399,
      "ev_total": [
        -109.05212730286667,
        -108.46531832991242,
        -108.38853797432753,
        -108.38605747276539,
        -108.38178059374005,
        -108.36332515245306
      ],
      "ex_dE_mH": [
        285.27467983506585,
        345.663115637997,
        345.12860459485137,
        322.8503167282497,
        340.8837529372093
      ]
    }
  ]
}