{
  "P": 600,
  "N": 600,
  "M": 63504,
  "dE0_P_ref_mH": 5.016411975319102,
  "e_dmrg_total": [
    -109.04823164347061,
    -108.68275758065224,
    -108.68056092014307,
    -108.66234121625168,
    -108.65273273543941,
    -108.65185039689183
  ],
  "results": [
    {
      "m": 0,
      "d_basis": 600,
      "dE0_mH": 0.17623112420039888,
      "ev_total": [
        -109.04805541234641,
        -108.5019802861918,
        -108.49652426842339,
        -108.44125875955386,
        -108.38160400133756,
        -108.37604756779649
      ],
      "ex_dE_mH": [
        180.77729446044088,
        184.0366517196763,
        221.08245669781823,
        271.12873410184693,
        275.8028290953476
      ]
    },
    {
      "m": 1,
      "d_basis": 1200,
      "dE0_mH": 8.785728683264438,
      "ev_total": [
        -109.03944591478735,
        -108.50478518596418,
        -108.49928948579642,
        -108.44228267132287,
        -108.38335756356554,
        -108.37823498143518
      ],
      "ex_dE_mH": [
        177.97239468804804,
        181.27143434664816,
        220.05854492880772,
        269.3751718738824,
        273.61541545663925
      ]
    },
    {
      "m": 2,
      "d_basis": 1800,
      "dE0_mH": 2.630415439995204,
      "ev_total": [
        -109.04560122803062,
        -108.50568402984662,
        -108.49992879663415,
        -108.44229227164743,
        -108.38346900216214,
        -108.37827012072884
      ],
      "ex_dE_mH": [
        177.07355080561982,
        180.63212350890723,
        220.0489446042404,
        269.2637332772705,
        273.5802761629813
      ]
    },
    {
      "m": 3,
      "d_basis": 2400,
      "dE0_mH": 2.560398843215239,
      "ev_total": [
        -109.0456712446274,
        -108.50641239987985,
        -108.50042464212574,
        -108.4423214608783,
        -108.3835225817273,
        -108.37838635145718
      ],
      "ex_dE_mH": [
        176.34518077238326,
        180.13627801732923,
        220.01975537336804,
        269.210153712109,
        273.4640454346433
      ]
    }
  ]
}