{
  "P": 200,
  "N": 200,
  "M": 63504,
  "dE0_P_ref_mH": 5.0164232313782975,
  "e_dmrg_total": [
    -109.04823164347061,
    -108.68275758065224,
    -108.68056092014307,
    -108.66234121625168,
    -108.65273273543941,
    -108.65185039689183
  ],
  "results": [
    {
      "m": 0,
      "d_basis": 200,
      "dE0_mH": -10.96162561070102,
      "ev_total": [
        -109.05919326908132,
        -108.44211766118106,
        -108.3721252425076,
        -108.37080358195561,
        -108.3704020065207,
        -108.3214723754625
      ],
      "ex_dE_mH": [
        240.63991947117813,
        308.4356776354689,
        291.5376342960698,
        282.3307289187085,
        330.3780214293255
      ]
    },
    {
      "m": 1,
      "d_basis": 400,
      "dE0_mH": 15.146805229051097,
      "ev_total": [
        -109.03308483824156,
        -108.44288101895378,
        -108.37283903602794,
        -108.37131170287117,
        -108.37087422030994,
        -108.32306072936436
      ],
      "ex_dE_mH": [
        239.87656169844485,
        307.721884115125,
        291.02951338050076,
        281.8585151294677,
        328.78966752747726
      ]
    },
    {
      "m": 2,
      "d_basis": 600,
      "dE0_mH": 14.187150128748272,
      "ev_total": [
        -109.03404449334187,
        -108.44290810896334,
        -108.37293152801432,
        -108.37132841139986,
        -108.37089091144739,
        -108.32319851155928
      ],
      "ex_dE_mH": [
        239.84947168889548,
        307.6293921287494,
        291.01280485181746,
        281.84182399201774,
        328.65188533255105
      ]
    },
    {
      "m": 3,
      "d_basis": 800,
      "dE0_mH": 13.97166559153007,
      "ev_total": [
        -109.03425997787909,
        -108.44295217293285,
        -108.37298346374637,
        -108.37136857386592,
        -108.37091291699413,
        -108.32331103719105
      ],
      "ex_dE_mH": [
        239.80540771938053,
        307.5774563967002,
        290.97264238574996,
        281.81981844528184,
        328.5393597007875
      ]
    }
  ]
}