{
  "P": 50,
  "N": 50,
  "M": 63504,
  "dE0_P_ref_mH": 13.358054027857946,
  "e_fci_total": [
    -109.04823164386625,
    -108.75059300974749,
    -108.73420108996552,
    -108.73118607736023,
    -108.7046309104683,
    -108.70420890539026
  ],
  "results": [
    {
      "m": 0,
      "d_basis": 50,
      "dE0_mH": -45.93946108838409,
      "ev_total": [
        -109.09417110495463,
        -108.75777966653173,
        -108.41910997579528,
        -108.37873871616245,
        -108.3735112608801,
        -108.3561923244359
      ],
      "ex_dE_mH": [
        -7.186656784238465,
        315.0911141702437,
        352.44736119779674,
        331.11964958820295,
        348.01658095436846
      ]
    },
    {
      "m": 1,
      "d_basis": 100,
      "dE0_mH": -62.853817554358926,
      "ev_total": [
        -109.1110854614206,
        -108.80261401011933,
        -108.42345461225707,
        -108.38208816808557,
        -108.37505648628296,
        -108.3598927490949
      ],
      "ex_dE_mH": [
        -52.021000371837545,
        310.74647770845587,
        349.09790927466133,
        329.57442418534197,
        344.3161562953634
      ]
    },
    {
      "m": 2,
      "d_basis": 150,
      "dE0_mH": -63.90480343917915,
      "ev_total": [
        -109.11213644730543,
        -108.80515827173994,
        -108.42401866705987,
        -108.3822794067598,
        -108.3751493408592,
        -108.36047075511041
      ],
      "ex_dE_mH": [
        -54.565261992443936,
        310.18242290565115,
        348.9066706004351,
        329.4815696091007,
        343.7381502798402
      ]
    },
    {
      "m": 3,
      "d_basis": 200,
      "dE0_mH": -64.73604988477533,
      "ev_total": [
        -109.11296769375102,
        -108.80827441732724,
        -108.42431574566548,
        -108.38242789822374,
        -108.37522724464984,
        -108.36072233136184
      ],
      "ex_dE_mH": [
        -57.681407579753596,
        309.8853443000422,
        348.7581791364889,
        329.403665818468,
        343.48657402841457
      ]
    }
  ]
}