{
  "P": 5,
  "N": 5,
  "M": 63504,
  "dE0_P_ref_mH": 37.71700957435087,
  "e_dmrg_total": [
    -109.04823164347061,
    -108.68275758065224,
    -108.68056092014307,
    -108.66234121625168,
    -108.65273273543941
  ],
  "results": [
    {
      "m": 0,
      "d_basis": 5,
      "dE0_mH": 195.785583232162,
      "ev_total": [
        -108.85244606023845,
        -108.37677023356804,
        -108.12985875679158,
        -108.12103329796965,
        -106.95167026774662
      ],
      "ex_dE_mH": [
        305.98734708420136,
        550.7021633514881,
        541.3079182820333,
        1701.0624676927969
      ]
    }
  ]
}