{
  "P": 200,
  "N": 200,
  "M": 63504,
  "dE0_P_ref_mH": 1.236976893270736,
  "e_fci_total": [
    -109.04823164385614,
    -108.7505930097475,
    -108.73420108991321,
    -108.73118607735101,
    -108.70463091047685,
    -108.70420890530878
  ],
  "results": [
    {
      "m": 0,
      "d_basis": 200,
      "dE0_mH": -55.32124043579856,
      "ev_total": [
        -109.10355288429194,
        -108.4481108898197,
        -108.4223825887086,
        -108.38106035318646,
        -108.37282943895316,
        -108.37042802175174
      ],
      "ex_dE_mH": [
        302.4821199278023,
        311.8185012046091,
        350.125724164549,
        331.80147152368636,
        333.78088355703284
      ]
    },
    {
      "m": 1,
      "d_basis": 400,
      "dE0_mH": 23.640339419369383,
      "ev_total": [
        -109.02459130443677,
        -108.44735625466888,
        -108.39538934114024,
        -108.38207704784854,
        -108.37089197352371,
        -108.36972484779163
      ],
      "ex_dE_mH": [
        303.2367550786361,
        338.8117487729652,
        349.10902950247544,
        333.7389369531429,
        334.4840575171411
      ]
    },
    {
      "m": 2,
      "d_basis": 600,
      "dE0_mH": 22.231131044890162,
      "ev_total": [
        -109.02600051281125,
        -108.44739414189809,
        -108.39568783818883,
        -108.38234579724002,
        -108.37091423861632,
        -108.36973397837217
      ],
      "ex_dE_mH": [
        303.1988678494138,
        338.51325172437544,
        348.84028011099485,
        333.7166718605324,
        334.47492693660763
      ]
    },
    {
      "m": 3,
      "d_basis": 800,
      "dE0_mH": 21.802159862826187,
      "ev_total": [
        -109.02642948399331,
        -108.44744277145621,
        -108.3958096703965,
        -108.38245275263873,
        -108.37093838759353,
        -108.3697384217668
      ],
      "ex_dE_mH": [
        303.15023829129825,
        338.3914195167073,
        348.7333247122883,
        333.6925228833252,
        334.4704835419741
      ]
    }
  ]
}