{
  "P": 5,
  "N": 5,
  "M": 63504,
  "dE0_P_ref_mH": 39.12026692536941,
  "e_fci_total": [
    -109.04823164385614,
    -108.7505930097475,
    -108.73420108991321,
    -108.73118607735101,
    -108.70463091047685
  ],
  "results": [
    {
      "m": 0,
      "d_basis": 5,
      "dE0_mH": 192.33939747171647,
      "ev_total": [
        -108.85589224638443,
        -108.37566231526657,
        -108.1345769411152,
        -108.12312504614471,
        -107.03772632332381
      ],
      "ex_dE_mH": [
        374.93069448093763,
        599.6241487980178,
        608.0610312063009,
        1666.904587153038
      ]
    }
  ]
}