{
  "P": 50,
  "N": 50,
  "M": 63504,
  "dE0_P_ref_mH": 9.694884533420378,
  "e_fci_total": [
    -109.04823164385614,
    -108.7505930097475,
    -108.73420108991321,
    -108.73118607735101,
    -108.70463091047685,
    -108.70420890530878
  ],
  "results": [
    {
      "m": 0,
      "d_basis": 50,
      "dE0_mH": -54.48855981398992,
      "ev_total": [
        -109.10272020367013,
        -108.46445484639715,
        -108.39586732871784,
        -108.38128719325294,
        -108.37975328698194,
        -108.37072862052484
      ],
      "ex_dE_mH": [
        286.13816335035835,
        338.3337611953756,
        349.89888409806014,
        324.87762349491686,
        333.4802847839278
      ]
    },
    {
      "m": 1,
      "d_basis": 100,
      "dE0_mH": 29.253670631092632,
      "ev_total": [
        -109.01897797322505,
        -108.44808758834651,
        -108.38216786871007,
        -108.38158016315211,
        -108.37130377749527,
        -108.35487964245492
      ],
      "ex_dE_mH": [
        302.505421400987,
        352.0332212031363,
        349.60591419890363,
        333.32713298158365,
        349.3292628538534
      ]
    },
    {
      "m": 2,
      "d_basis": 150,
      "dE0_mH": 28.06330462834694,
      "ev_total": [
        -109.0201683392278,
        -108.44839664700292,
        -108.38228206923799,
        -108.38192960036385,
        -108.37131276801604,
        -108.35544606805773
      ],
      "ex_dE_mH": [
        302.1963627445814,
        351.9190206752256,
        349.25647698716136,
        333.31814246080785,
        348.7628372510443
      ]
    },
    {
      "m": 3,
      "d_basis": 200,
      "dE0_mH": 27.9385021183316,
      "ev_total": [
        -109.02029314173781,
        -108.44848675476383,
        -108.38237065749104,
        -108.38225179506935,
        -108.37138532680014,
        -108.35571649032471
      ],
      "ex_dE_mH": [
        302.10625498367347,
        351.83043242217593,
        348.9342822816681,
        333.24558367671034,
        348.49241498406514
      ]
    }
  ]
}