{
  "P": 100,
  "N": 100,
  "M": 63504,
  "dE0_P_ref_mH": 5.828125049497146,
  "e_dmrg_total": [
    -109.04823164347061,
    -108.68275758065224,
    -108.68056092014307,
    -108.66234121625168,
    -108.65273273543941,
    -108.65185039689183
  ],
  "results": [
    {
      "m": 0,
      "d_basis": 100,
      "dE0_mH": -37.57003532096803,
      "ev_total": [
        -109.08580167879158,
        -108.46904736270757,
        -108.38595236475409,
        -108.37055910400781,
        -108.31950797443514,
        -108.31576357288765
      ],
      "ex_dE_mH": [
        213.71021794466216,
        294.6085553889724,
        291.7821122438618,
        333.2247610042671,
        336.0868240041874
      ]
    },
    {
      "m": 1,
      "d_basis": 200,
      "dE0_mH": 24.704416745223057,
      "ev_total": [
        -109.02352722672539,
        -108.44170221192178,
        -108.37160058761023,
        -108.37103806490008,
        -108.32271497511013,
        -108.29573999217706
      ],
      "ex_dE_mH": [
        241.05536873046418,
        308.96033253283053,
        291.3031513515954,
        330.01776032927665,
        356.1104047147659
      ]
    },
    {
      "m": 2,
      "d_basis": 300,
      "dE0_mH": 24.023582252254982,
      "ev_total": [
        -109.02420806121836,
        -108.44202929294192,
        -108.37191876391222,
        -108.37104834946544,
        -108.32282469344463,
        -108.29588132396248
      ],
      "ex_dE_mH": [
        240.72828771030785,
        308.6421562308388,
        291.29286678623953,
        329.90804199478066,
        355.9690729293621
      ]
    },
    {
      "m": 3,
      "d_basis": 400,
      "dE0_mH": 23.758356009238923,
      "ev_total": [
        -109.02447328746138,
        -108.44216369706064,
        -108.3719847574361,
        -108.37107788844597,
        -108.32295631997744,
        -108.29601646112759
      ],
      "ex_dE_mH": [
        240.5938835916004,
        308.5761627069701,
        291.2633278057051,
        329.77641546197134,
        355.83393576423816
      ]
    }
  ]
}