{
  "P": 400,
  "N": 400,
  "M": 63504,
  "delta": -0.08828948291733951,
  "dE0_P_ref_mH": 88.28948291733951,
  "e_dmrg_total": [
    -61.10859778382188,
    -60.59754796262357,
    -60.572861391532015,
    -60.542151069114496,
    -60.50761726398285,
    -60.48963132434302
  ],
  "results": [
    {
      "m": 0,
      "d_basis": 399,
      "d_layers": [
        399
      ],
      "dE0_mH": 15.048007176773126,
      "ev_total": [
        -61.093549776645105,
        -60.43052780209737,
        -60.39857397078544,
        -60.36718869957097,
        -60.25138029079752,
        -60.09890012830105
      ],
      "ex_dE_mH": [
        167.0201605261994,
        174.28742074657322,
        174.96236954352895,
        256.2369731853309,
        390.73119604197615
      ],
      "wall_s": 22.86639492586255
    },
    {
      "m": 1,
      "d_basis": 798,
      "d_layers": [
        399,
        798
      ],
      "dE0_mH": -2500701.305817832,
      "ev_total": [
        -2561.809903601654,
        -2366.5118997933455,
        -2323.916347997685,
        -2059.6829948022546,
        -1517.5468543795296,
        -1512.2233742566748
      ],
      "ex_dE_mH": [
        -2305914.351830722,
        -2263343.486606153,
        -1999140.8437331403,
        -1457039.2371155466,
        -1451733.7429323317
      ],
      "wall_s": 105.77924386877567
    },
    {
      "m": 2,
      "d_basis": 1197,
      "d_layers": [
        399,
        798,
        1197
      ],
      "dE0_mH": -6126273.388588927,
      "ev_total": [
        -6187.3819863727485,
        -4717.805066019637,
        -4522.160741933592,
        -4313.717005692318,
        -3655.175090170682,
        -3163.191779868836
      ],
      "ex_dE_mH": [
        -4657207.518057014,
        -4461587.88054206,
        -4253174.854623203,
        -3594667.472906699,
        -3102702.148544493
      ],
      "wall_s": 281.53811363875866
    },
    {
      "m": 3,
      "d_basis": 1596,
      "d_layers": [
        399,
        798,
        1197,
        1596
      ],
      "dE0_mH": -115825349.35560481,
      "ev_total": [
        -115886.45795338864,
        -5816.054975258121,
        -5483.475797463102,
        -5195.748157072091,
        -4343.810729419876,
        -3534.381846932376
      ],
      "ex_dE_mH": [
        -5755457.427295498,
        -5422902.93607157,
        -5135206.006002977,
        -4283303.112155894,
        -3473892.215608033
      ],
      "wall_s": 714.0125880399719
    }
  ],
  "old_stageC_results": [
    {
      "m": 0,
      "dE0_mH": -0.689
    },
    {
      "m": 1,
      "dE0_mH": 5.309
    },
    {
      "m": 2,
      "dE0_mH": 3.451
    },
    {
      "m": 3,
      "dE0_mH": 3.357
    }
  ],
  "total_wall_s": 1139.738807455171
}