{
  "P": 400,
  "N": 400,
  "M": 63504,
  "dE0_P_ref_mH": 5.016423231364087,
  "e_dmrg_total": [
    -109.04823164347061,
    -108.68275758065224,
    -108.68056092014307,
    -108.66234121625168,
    -108.65273273543941,
    -108.65185039689183
  ],
  "results": [
    {
      "m": 0,
      "d_basis": 400,
      "dE0_mH": -0.688752130816539,
      "ev_total": [
        -109.04892039560143,
        -108.44128924998685,
        -108.36940295175897,
        -108.36913814006243,
        -108.36902398324085,
        -108.3197691647099
      ],
      "ex_dE_mH": [
        241.4683306653842,
        311.15796838409085,
        293.20307618923994,
        283.70875219857083,
        332.08123218192753
      ]
    },
    {
      "m": 1,
      "d_basis": 800,
      "dE0_mH": 5.308545882371618,
      "ev_total": [
        -109.04292309758824,
        -108.44231245547564,
        -108.37012046603726,
        -108.36968952203296,
        -108.3696841957173,
        -108.3217076123693
      ],
      "ex_dE_mH": [
        240.445125176592,
        310.4404541057946,
        292.65169421871565,
        283.04853972210964,
        330.1427845225327
      ]
    },
    {
      "m": 2,
      "d_basis": 1200,
      "dE0_mH": 3.4514914740384484,
      "ev_total": [
        -109.04478015199658,
        -108.44232602799252,
        -108.3701343025214,
        -108.36987075626105,
        -108.36969448062948,
        -108.3218331774307
      ],
      "ex_dE_mH": [
        240.4315526597145,
        310.42661762167967,
        292.4704599906214,
        283.0382548099344,
        330.0172194611335
      ]
    },
    {
      "m": 3,
      "d_basis": 1600,
      "dE0_mH": 3.3569849673291685,
      "ev_total": [
        -109.04487465850329,
        -108.44235778848653,
        -108.37015480061694,
        -108.36991578844099,
        -108.36970740392917,
        -108.32199280388903
      ],
      "ex_dE_mH": [
        240.39979216570018,
        310.40611952612807,
        292.42542781068437,
        283.02533151023823,
        329.8575930028065
      ]
    }
  ]
}