{
  "P": 400,
  "N": 400,
  "M": 63504,
  "dE0_P_ref_mH": 2.8819386931715485,
  "e_fci_total": [
    -109.04823164386625,
    -108.75059300974749,
    -108.73420108996552,
    -108.73118607736023,
    -108.7046309104683,
    -108.70420890539026
  ],
  "results": [
    {
      "m": 0,
      "d_basis": 400,
      "dE0_mH": -6.565785845950245,
      "ev_total": [
        -109.0547974297122,
        -108.4544611930338,
        -108.41109231189505,
        -108.39168976459267,
        -108.37877308045861,
        -108.37613874875838
      ],
      "ex_dE_mH": [
        296.1318167136966,
        323.1087780704804,
        339.4963127675617,
        325.8578300096886,
        328.0701566318811
      ]
    },
    {
      "m": 1,
      "d_basis": 800,
      "dE0_mH": -7.104170411118105,
      "ev_total": [
        -109.05533581427736,
        -108.45574988399976,
        -108.41449448315709,
        -108.39353633682589,
        -108.37930255822295,
        -108.37755571233345
      ],
      "ex_dE_mH": [
        294.8431257477289,
        319.70660680844173,
        337.6497405343422,
        325.32835224535717,
        326.65319305681
      ]
    },
    {
      "m": 2,
      "d_basis": 1200,
      "dE0_mH": -7.1493263502731,
      "ev_total": [
        -109.05538097021652,
        -108.45581771401808,
        -108.4150841205711,
        -108.3939342444653,
        -108.3794546781722,
        -108.37790067627144
      ],
      "ex_dE_mH": [
        294.775295729405,
        319.116969394436,
        337.25183289494254,
        325.17623229609785,
        326.3082291188226
      ]
    },
    {
      "m": 3,
      "d_basis": 1600,
      "dE0_mH": -7.162467881482115,
      "ev_total": [
        -109.05539411174773,
        -108.4558907193816,
        -108.41531307362018,
        -108.39417185329437,
        -108.3795572142905,
        -108.37805436232864
      ],
      "ex_dE_mH": [
        294.70229036588694,
        318.88801634533695,
        337.01422406587153,
        325.0736961777925,
        326.1545430616124
      ]
    }
  ]
}