{
  "P": 600,
  "N": 600,
  "M": 63504,
  "dE0_P_ref_mH": 1.2628705517414573,
  "e_fci_total": [
    -109.04823164386625,
    -108.75059300974749,
    -108.73420108996552,
    -108.73118607736023,
    -108.7046309104683,
    -108.70420890539026
  ],
  "results": [
    {
      "m": 0,
      "d_basis": 600,
      "dE0_mH": -5.158020790187123,
      "ev_total": [
        -109.05338966465644,
        -108.46288654068888,
        -108.39004858973198,
        -108.38302146601158,
        -108.37980887515963,
        -108.36095545184794
      ],
      "ex_dE_mH": [
        287.7064690586124,
        344.15250023355526,
        348.164611348647,
        324.8220353086708,
        343.2534535423173
      ]
    },
    {
      "m": 1,
      "d_basis": 1200,
      "dE0_mH": -5.4635257924964264,
      "ev_total": [
        -109.05369516965874,
        -108.46332817649548,
        -108.39041522457833,
        -108.38321545495272,
        -108.38006863645964,
        -108.36252484046031
      ],
      "ex_dE_mH": [
        287.2648332520065,
        343.7858653871864,
        347.9706224075194,
        324.5622740086525,
        341.68406492994666
      ]
    },
    {
      "m": 2,
      "d_basis": 1800,
      "dE0_mH": -5.477791276984334,
      "ev_total": [
        -109.05370943514323,
        -108.46341738753407,
        -108.3905316850574,
        -108.38327376961865,
        -108.38018108527527,
        -108.36279335092388
      ],
      "ex_dE_mH": [
        287.1756222134252,
        343.6694049081268,
        347.9123077415842,
        324.4498251930281,
        341.41555446637284
      ]
    },
    {
      "m": 3,
      "d_basis": 2400,
      "dE0_mH": -5.485086813500573,
      "ev_total": [
        -109.05371673067975,
        -108.46348302297862,
        -108.39059030022281,
        -108.38329608901488,
        -108.38024506609963,
        -108.36293579247659
      ],
      "ex_dE_mH": [
        287.109986768872,
        343.6107897427156,
        347.88998834535437,
        324.38584436865625,
        341.2731129136723
      ]
    }
  ]
}