{
  "P": 800,
  "N": 800,
  "M": 63504,
  "dE0_P_ref_mH": 5.016329309107448,
  "e_dmrg_total": [
    -109.04823164347061,
    -108.68275758065224,
    -108.68056092014307,
    -108.66234121625168,
    -108.65273273543941,
    -108.65185039689183
  ],
  "results": [
    {
      "m": 0,
      "d_basis": 799,
      "dE0_mH": 0.20724262498106327,
      "ev_total": [
        -109.04802440084563,
        -108.50112071152952,
        -108.49692192313145,
        -108.44125821710907,
        -108.43596480054387,
        -108.38078728033841
      ],
      "ex_dE_mH": [
        181.6368691227197,
        183.63899701161301,
        221.08299914260243,
        216.76793489553603,
        271.0631165534245
      ]
    },
    {
      "m": 1,
      "d_basis": 1598,
      "dE0_mH": -0.3014631501976339,
      "ev_total": [
        -109.04853310662081,
        -108.5039406192202,
        -108.49942322373842,
        -108.44228217741812,
        -108.43728475149895,
        -108.38263765756238
      ],
      "ex_dE_mH": [
        178.81696143204096,
        181.13769640465094,
        220.05903883354705,
        215.44798394046794,
        269.212739329447
      ]
    },
    {
      "m": 2,
      "d_basis": 2397,
      "dE0_mH": 3.816529611473385,
      "ev_total": [
        -109.04441511385915,
        -108.50503885833125,
        -108.50031512075795,
        -108.44229209486403,
        -108.4375722293515,
        -108.38269600537285
      ],
      "ex_dE_mH": [
        177.71872232098573,
        180.24579938511565,
        220.0491213876461,
        215.1605060879156,
        269.15439151898113
      ]
    },
    {
      "m": 3,
      "d_basis": 3196,
      "dE0_mH": 2.541515137949091,
      "ev_total": [
        -109.04569012833267,
        -108.50553493055983,
        -108.50082224598994,
        -108.44232192870496,
        -108.43818996408709,
        -108.38283281252733
      ],
      "ex_dE_mH": [
        177.22265009240346,
        179.73867415313194,
        220.0192875467195,
        214.54277135233113,
        269.01758436450507
      ]
    }
  ]
}