{
  "P": 1000,
  "N": 826,
  "M": 63504,
  "dE0_P_ref_mH": 5.016329309114553,
  "e_dmrg_total": [
    -109.04823164347061,
    -108.68275758065224,
    -108.68056092014307,
    -108.66234121625168,
    -108.65273273543941,
    -108.65185039689183
  ],
  "results": [
    {
      "m": 0,
      "d_basis": 825,
      "dE0_mH": 0.20724262498106327,
      "ev_total": [
        -109.04802440084563,
        -108.50091589046504,
        -108.49723032587022,
        -108.44125821710908,
        -108.4362262332535,
        -108.38081661558302
      ],
      "ex_dE_mH": [
        181.84169018719842,
        183.33059427284937,
        221.08299914259533,
        216.5065021859114,
        271.03378130881947
      ]
    },
    {
      "m": 1,
      "d_basis": 1650,
      "dE0_mH": -0.3014631501905285,
      "ev_total": [
        -109.04853310662081,
        -108.50361548270483,
        -108.49968878970164,
        -108.44228217741812,
        -108.43752186170022,
        -108.38249984093166
      ],
      "ex_dE_mH": [
        179.14209794740188,
        180.87213044142558,
        220.05903883354705,
        215.21087373918846,
        269.3505559601732
      ]
    },
    {
      "m": 2,
      "d_basis": 2475,
      "dE0_mH": 3.816529611459174,
      "ev_total": [
        -109.04441511385916,
        -108.50472605230237,
        -108.50056568842844,
        -108.44229209486402,
        -108.43780942214508,
        -108.38255026058225
      ],
      "ex_dE_mH": [
        178.0315283498659,
        179.99523171462783,
        220.04912138766386,
        214.92331329433867,
        269.3001363095817
      ]
    },
    {
      "m": 3,
      "d_basis": 3300,
      "dE0_mH": 2.541515137956196,
      "ev_total": [
        -109.04569012833267,
        -108.50526533491998,
        -108.50109438191888,
        -108.44232192870496,
        -108.43843329357598,
        -108.38269921735889
      ],
      "ex_dE_mH": [
        177.49224573224964,
        179.46653822419023,
        220.0192875467195,
        214.2994418634352,
        269.1511795329333
      ]
    }
  ]
}