{
  "P": 200,
  "N": 200,
  "M": 63504,
  "dE0_P_ref_mH": 4.574836343696376,
  "e_fci_total": [
    -109.04823164386625,
    -108.75059300974749,
    -108.73420108996552,
    -108.73118607736023,
    -108.7046309104683,
    -108.70420890539026
  ],
  "results": [
    {
      "m": 0,
      "d_basis": 200,
      "dE0_mH": -9.532295979315819,
      "ev_total": [
        -109.05776393984556,
        -108.4473823401423,
        -108.40060034090493,
        -108.38183492969415,
        -108.37378068679591,
        -108.37309772456605
      ],
      "ex_dE_mH": [
        303.21066960519613,
        333.6007490606008,
        349.35114766608774,
        330.85022367238537,
        331.1111808242124
      ]
    },
    {
      "m": 1,
      "d_basis": 400,
      "dE0_mH": -10.686650547157228,
      "ev_total": [
        -109.0589182944134,
        -108.44935329940546,
        -108.40447659410532,
        -108.38512583879937,
        -108.37467359771748,
        -108.37399350592474
      ],
      "ex_dE_mH": [
        301.2397103420241,
        329.7244958602015,
        346.0602385608631,
        329.9573127508211,
        330.2153994655157
      ]
    },
    {
      "m": 2,
      "d_basis": 600,
      "dE0_mH": -10.772107257793095,
      "ev_total": [
        -109.05900375112404,
        -108.44940278751261,
        -108.40495244040851,
        -108.38580774982765,
        -108.37473582970583,
        -108.3740344292073
      ],
      "ex_dE_mH": [
        301.19022223488656,
        329.24864955701594,
        345.37832753258965,
        329.8950807624621,
        330.1744761829575
      ]
    },
    {
      "m": 3,
      "d_basis": 800,
      "dE0_mH": -10.82731301255535,
      "ev_total": [
        -109.0590589568788,
        -108.4494800994073,
        -108.40521854574085,
        -108.38597725612419,
        -108.37480123827989,
        -108.37407078842533
      ],
      "ex_dE_mH": [
        301.1129103401977,
        328.9825442246723,
        345.2088212360387,
        329.82967218841,
        330.1381169649353
      ]
    }
  ]
}